{
  "experiment": "EXP-022",
  "status": "completed",
  "samples_per_checkpoint_probability": 400,
  "validation_batches_per_checkpoint_probability": 50,
  "teacher_forcing_probabilities": [
    1.0,
    0.92,
    0.5,
    0.0
  ],
  "at_60_minutes": {
    "seed0": {
      "area_ratio_219": {
        "p1.0": 0.5425170068027211,
        "p0.92": 0.5476190476190477,
        "p0.5": 0.5493197278911565,
        "p0.0": 5.86734693877551
      },
      "mse": {
        "p1.0": 0.0007976211833495957,
        "p0.92": 0.0008400520696523017,
        "p0.5": 0.0012771523688206799,
        "p0.0": 0.0037208568780988573
      },
      "mean_bias": {
        "p1.0": 0.00008338378742336894,
        "p0.92": 0.0001241606939584028,
        "p0.5": 0.000494036851450802,
        "p0.0": 0.005655888663604863
      }
    },
    "seed1": {
      "area_ratio_219": {
        "p1.0": 0.5697278911564626,
        "p0.92": 0.5731292517006803,
        "p0.5": 0.6105442176870748,
        "p0.0": 6.197278911564626
      },
      "mse": {
        "p1.0": 0.0007864841543293248,
        "p0.92": 0.000829164884283576,
        "p0.5": 0.0012722065161263649,
        "p0.0": 0.003780979952243797
      },
      "mean_bias": {
        "p1.0": 0.00014530739746987376,
        "p0.92": 0.00019060489721596519,
        "p0.5": 0.0005265472643077446,
        "p0.0": 0.00901852421462536
      }
    }
  },
  "decision": {
    "free_rollout_exposure_mismatch": "strongly_supported",
    "strict_monotonic_area_response": false,
    "new_algorithmic_component_authorized": false,
    "core_method_frozen": true,
    "required_formal_protocol_change": "budget_aligned_scheduled_sampling_ending_near_zero",
    "next_phase": "formal_protocol_and_paper_writing"
  },
  "caveat": "Probabilities above zero use future observations and are diagnostic counterfactuals, not valid nowcasts. Only probability-zero scores are deployable forecast metrics."
}
