{
  "experiment": "EXP-019",
  "variant": "tail_area",
  "model": "OpenSTL ConvLSTM",
  "seed": 0,
  "resolution": 128,
  "train_steps": 4000,
  "validation_batches": 200,
  "learning_rate": 0.0005,
  "tail_area_weight": 0.0003,
  "tail_temperature_raw": 10.0,
  "tail_thresholds": [
    160.0,
    181.0,
    219.0
  ],
  "initial_teacher_forcing_probability": 1.0,
  "final_teacher_forcing_probability": 0.91999999999992,
  "mean_train_mse": 0.002020324742763478,
  "mean_train_objective": 0.002083172095612099,
  "mean_train_tail_area_loss": 0.20949116519803648,
  "validation_csi_mean": 0.3549400590863223,
  "validation_mse": 0.002959906123660403,
  "parameters": 15083520,
  "peak_allocated_bytes": 2311082496,
  "wall_seconds": 2913.1323039309937,
  "openstl_convlstm_sha256": "fefbdffed8ef3800a53eae41dfbfdd0718e962734e0f94b7b90dd441297b40ee",
  "ok": true
}
