{
  "amp": true,
  "batch_size": 1,
  "dataset_samples": 35718,
  "dataset_split": "train",
  "device": "NVIDIA RTX A4000",
  "epoch_estimate_seconds": 13920.29347247511,
  "estimated_epoch_steps": 35718,
  "final_loss": 0.011267900466918945,
  "initial_loss": 0.05662844330072403,
  "loss_reduction_fraction": 0.8010204799895165,
  "max_loss": 2.4058611392974854,
  "max_loss_steps_1_based": [3, 4, 5],
  "ok": true,
  "openstl_commit": "eecf8a3078f0a178dbc7b28723da20f94ce36985",
  "openstl_model_sha256": "1de78c0de74c89131470a3538498e301a9b2c2ca7c2598c9187576a7a60aa46c",
  "parameters": 9254209,
  "peak_allocated_bytes": 9793430016,
  "resolution": 384,
  "step_seconds": 0.38972768555000586,
  "steps": 100,
  "total_seconds": 38.972768555000584,
  "torch_version": "2.8.0+cu128"
}
