epoch,train_mse,val_mse,csi_mean,csi_181,csi_219
1,0.02272801863029599,0.012700586300343274,0.1535340848573468,0.00034812880765883376,0.0
